{
  "best_global_step": 63,
  "best_metric": 0.6902903914451599,
  "best_model_checkpoint": "./deberta_lora_weights\\checkpoint-63",
  "epoch": 1.0,
  "eval_steps": 500,
  "global_step": 63,
  "is_hyper_param_search": false,
  "is_local_process_zero": true,
  "is_world_process_zero": true,
  "log_history": [
    {
      "epoch": 1.0,
      "eval_accuracy": 0.52,
      "eval_f1": 0.35578947368421054,
      "eval_loss": 0.6902903914451599,
      "eval_runtime": 55.8219,
      "eval_samples_per_second": 3.583,
      "eval_steps_per_second": 0.233,
      "step": 63
    }
  ],
  "logging_steps": 100,
  "max_steps": 189,
  "num_input_tokens_seen": 0,
  "num_train_epochs": 3,
  "save_steps": 500,
  "stateful_callbacks": {
    "TrainerControl": {
      "args": {
        "should_epoch_stop": false,
        "should_evaluate": false,
        "should_log": false,
        "should_save": true,
        "should_training_stop": false
      },
      "attributes": {}
    }
  },
  "total_flos": 260313596140800.0,
  "train_batch_size": 16,
  "trial_name": null,
  "trial_params": null
}
