{
  "best_global_step": 9702,
  "best_metric": 1.0748655796051025,
  "best_model_checkpoint": "./deberta_lora_weights\\checkpoint-9702",
  "epoch": 3.0,
  "eval_steps": 500,
  "global_step": 9702,
  "is_hyper_param_search": false,
  "is_local_process_zero": true,
  "is_world_process_zero": true,
  "log_history": [
    {
      "epoch": 0.030926240915416733,
      "grad_norm": 1.9471380710601807,
      "learning_rate": 9.897959183673469e-05,
      "loss": 1.1005,
      "step": 100
    },
    {
      "epoch": 0.061852481830833465,
      "grad_norm": 0.7340129017829895,
      "learning_rate": 9.79488765203051e-05,
      "loss": 1.0984,
      "step": 200
    },
    {
      "epoch": 0.0927787227462502,
      "grad_norm": 0.8619855642318726,
      "learning_rate": 9.69181612038755e-05,
      "loss": 1.096,
      "step": 300
    },
    {
      "epoch": 0.12370496366166693,
      "grad_norm": 1.1974972486495972,
      "learning_rate": 9.588744588744589e-05,
      "loss": 1.0977,
      "step": 400
    },
    {
      "epoch": 0.15463120457708365,
      "grad_norm": 1.2348493337631226,
      "learning_rate": 9.48567305710163e-05,
      "loss": 1.092,
      "step": 500
    },
    {
      "epoch": 0.1855574454925004,
      "grad_norm": 0.7807438373565674,
      "learning_rate": 9.382601525458669e-05,
      "loss": 1.0885,
      "step": 600
    },
    {
      "epoch": 0.21648368640791713,
      "grad_norm": 0.6939148902893066,
      "learning_rate": 9.279529993815708e-05,
      "loss": 1.0925,
      "step": 700
    },
    {
      "epoch": 0.24740992732333386,
      "grad_norm": 1.3185957670211792,
      "learning_rate": 9.176458462172748e-05,
      "loss": 1.0872,
      "step": 800
    },
    {
      "epoch": 0.27833616823875057,
      "grad_norm": 1.5934159755706787,
      "learning_rate": 9.073386930529788e-05,
      "loss": 1.0926,
      "step": 900
    },
    {
      "epoch": 0.3092624091541673,
      "grad_norm": 1.0271964073181152,
      "learning_rate": 8.970315398886828e-05,
      "loss": 1.0825,
      "step": 1000
    },
    {
      "epoch": 0.34018865006958404,
      "grad_norm": 1.3496270179748535,
      "learning_rate": 8.867243867243867e-05,
      "loss": 1.088,
      "step": 1100
    },
    {
      "epoch": 0.3711148909850008,
      "grad_norm": 1.058031678199768,
      "learning_rate": 8.764172335600908e-05,
      "loss": 1.0843,
      "step": 1200
    },
    {
      "epoch": 0.4020411319004175,
      "grad_norm": 1.4503945112228394,
      "learning_rate": 8.661100803957947e-05,
      "loss": 1.0935,
      "step": 1300
    },
    {
      "epoch": 0.43296737281583425,
      "grad_norm": 1.3957858085632324,
      "learning_rate": 8.558029272314987e-05,
      "loss": 1.0884,
      "step": 1400
    },
    {
      "epoch": 0.463893613731251,
      "grad_norm": 1.1811885833740234,
      "learning_rate": 8.454957740672028e-05,
      "loss": 1.0868,
      "step": 1500
    },
    {
      "epoch": 0.4948198546466677,
      "grad_norm": 1.0127228498458862,
      "learning_rate": 8.351886209029066e-05,
      "loss": 1.0836,
      "step": 1600
    },
    {
      "epoch": 0.5257460955620844,
      "grad_norm": 0.638336718082428,
      "learning_rate": 8.248814677386106e-05,
      "loss": 1.0866,
      "step": 1700
    },
    {
      "epoch": 0.5566723364775011,
      "grad_norm": 0.8637757897377014,
      "learning_rate": 8.145743145743147e-05,
      "loss": 1.0928,
      "step": 1800
    },
    {
      "epoch": 0.5875985773929179,
      "grad_norm": 0.9803465008735657,
      "learning_rate": 8.042671614100185e-05,
      "loss": 1.0805,
      "step": 1900
    },
    {
      "epoch": 0.6185248183083346,
      "grad_norm": 1.1022670269012451,
      "learning_rate": 7.939600082457226e-05,
      "loss": 1.0875,
      "step": 2000
    },
    {
      "epoch": 0.6494510592237513,
      "grad_norm": 1.1915231943130493,
      "learning_rate": 7.836528550814265e-05,
      "loss": 1.0816,
      "step": 2100
    },
    {
      "epoch": 0.6803773001391681,
      "grad_norm": 1.3220739364624023,
      "learning_rate": 7.733457019171305e-05,
      "loss": 1.0749,
      "step": 2200
    },
    {
      "epoch": 0.7113035410545848,
      "grad_norm": 2.930198907852173,
      "learning_rate": 7.630385487528345e-05,
      "loss": 1.0796,
      "step": 2300
    },
    {
      "epoch": 0.7422297819700016,
      "grad_norm": 0.7420658469200134,
      "learning_rate": 7.527313955885385e-05,
      "loss": 1.0816,
      "step": 2400
    },
    {
      "epoch": 0.7731560228854183,
      "grad_norm": 1.2841719388961792,
      "learning_rate": 7.424242424242424e-05,
      "loss": 1.0964,
      "step": 2500
    },
    {
      "epoch": 0.804082263800835,
      "grad_norm": 0.7430004477500916,
      "learning_rate": 7.321170892599465e-05,
      "loss": 1.0831,
      "step": 2600
    },
    {
      "epoch": 0.8350085047162518,
      "grad_norm": 1.7664930820465088,
      "learning_rate": 7.218099360956504e-05,
      "loss": 1.0851,
      "step": 2700
    },
    {
      "epoch": 0.8659347456316685,
      "grad_norm": 1.9504646062850952,
      "learning_rate": 7.115027829313544e-05,
      "loss": 1.0828,
      "step": 2800
    },
    {
      "epoch": 0.8968609865470852,
      "grad_norm": 1.690724492073059,
      "learning_rate": 7.011956297670583e-05,
      "loss": 1.0831,
      "step": 2900
    },
    {
      "epoch": 0.927787227462502,
      "grad_norm": 1.2934414148330688,
      "learning_rate": 6.908884766027624e-05,
      "loss": 1.0839,
      "step": 3000
    },
    {
      "epoch": 0.9587134683779187,
      "grad_norm": 1.5632721185684204,
      "learning_rate": 6.805813234384663e-05,
      "loss": 1.0933,
      "step": 3100
    },
    {
      "epoch": 0.9896397092933354,
      "grad_norm": 1.4386261701583862,
      "learning_rate": 6.702741702741703e-05,
      "loss": 1.0883,
      "step": 3200
    },
    {
      "epoch": 1.0,
      "eval_accuracy": 0.3881350034794711,
      "eval_f1_weighted": 0.2937181330463741,
      "eval_loss": 1.0798654556274414,
      "eval_runtime": 74.7989,
      "eval_samples_per_second": 76.846,
      "eval_steps_per_second": 9.612,
      "step": 3234
    },
    {
      "epoch": 1.020411319004175,
      "grad_norm": 0.8010174036026001,
      "learning_rate": 6.599670171098744e-05,
      "loss": 1.0857,
      "step": 3300
    },
    {
      "epoch": 1.0513375599195918,
      "grad_norm": 0.7588414549827576,
      "learning_rate": 6.496598639455783e-05,
      "loss": 1.0832,
      "step": 3400
    },
    {
      "epoch": 1.0822638008350085,
      "grad_norm": 2.311382532119751,
      "learning_rate": 6.393527107812822e-05,
      "loss": 1.0755,
      "step": 3500
    },
    {
      "epoch": 1.1131900417504252,
      "grad_norm": 1.3436634540557861,
      "learning_rate": 6.290455576169863e-05,
      "loss": 1.0798,
      "step": 3600
    },
    {
      "epoch": 1.144116282665842,
      "grad_norm": 1.5722863674163818,
      "learning_rate": 6.187384044526901e-05,
      "loss": 1.0788,
      "step": 3700
    },
    {
      "epoch": 1.1750425235812587,
      "grad_norm": 1.692655086517334,
      "learning_rate": 6.084312512883942e-05,
      "loss": 1.0873,
      "step": 3800
    },
    {
      "epoch": 1.2059687644966754,
      "grad_norm": 1.2843236923217773,
      "learning_rate": 5.981240981240982e-05,
      "loss": 1.0797,
      "step": 3900
    },
    {
      "epoch": 1.2368950054120922,
      "grad_norm": 0.6649612784385681,
      "learning_rate": 5.8781694495980214e-05,
      "loss": 1.0758,
      "step": 4000
    },
    {
      "epoch": 1.267821246327509,
      "grad_norm": 1.0931214094161987,
      "learning_rate": 5.7750979179550614e-05,
      "loss": 1.0777,
      "step": 4100
    },
    {
      "epoch": 1.2987474872429257,
      "grad_norm": 1.7119680643081665,
      "learning_rate": 5.6720263863121e-05,
      "loss": 1.0836,
      "step": 4200
    },
    {
      "epoch": 1.3296737281583424,
      "grad_norm": 1.038604497909546,
      "learning_rate": 5.56895485466914e-05,
      "loss": 1.0752,
      "step": 4300
    },
    {
      "epoch": 1.3605999690737591,
      "grad_norm": 1.1001105308532715,
      "learning_rate": 5.465883323026181e-05,
      "loss": 1.0795,
      "step": 4400
    },
    {
      "epoch": 1.3915262099891759,
      "grad_norm": 2.096578598022461,
      "learning_rate": 5.36281179138322e-05,
      "loss": 1.0766,
      "step": 4500
    },
    {
      "epoch": 1.4224524509045926,
      "grad_norm": 1.7624061107635498,
      "learning_rate": 5.25974025974026e-05,
      "loss": 1.0781,
      "step": 4600
    },
    {
      "epoch": 1.4533786918200093,
      "grad_norm": 0.9645856618881226,
      "learning_rate": 5.1566687280973005e-05,
      "loss": 1.0828,
      "step": 4700
    },
    {
      "epoch": 1.484304932735426,
      "grad_norm": 0.8936935067176819,
      "learning_rate": 5.053597196454339e-05,
      "loss": 1.0777,
      "step": 4800
    },
    {
      "epoch": 1.5152311736508426,
      "grad_norm": 1.2056421041488647,
      "learning_rate": 4.9505256648113793e-05,
      "loss": 1.0759,
      "step": 4900
    },
    {
      "epoch": 1.5461574145662595,
      "grad_norm": 0.993221640586853,
      "learning_rate": 4.8474541331684194e-05,
      "loss": 1.0859,
      "step": 5000
    },
    {
      "epoch": 1.577083655481676,
      "grad_norm": 1.4391299486160278,
      "learning_rate": 4.744382601525459e-05,
      "loss": 1.0711,
      "step": 5100
    },
    {
      "epoch": 1.608009896397093,
      "grad_norm": 0.6475797891616821,
      "learning_rate": 4.641311069882498e-05,
      "loss": 1.0847,
      "step": 5200
    },
    {
      "epoch": 1.6389361373125095,
      "grad_norm": 1.0243068933486938,
      "learning_rate": 4.538239538239538e-05,
      "loss": 1.0845,
      "step": 5300
    },
    {
      "epoch": 1.6698623782279265,
      "grad_norm": 1.4933449029922485,
      "learning_rate": 4.4351680065965784e-05,
      "loss": 1.084,
      "step": 5400
    },
    {
      "epoch": 1.700788619143343,
      "grad_norm": 1.8004292249679565,
      "learning_rate": 4.332096474953618e-05,
      "loss": 1.0816,
      "step": 5500
    },
    {
      "epoch": 1.73171486005876,
      "grad_norm": 1.0571460723876953,
      "learning_rate": 4.229024943310658e-05,
      "loss": 1.0768,
      "step": 5600
    },
    {
      "epoch": 1.7626411009741765,
      "grad_norm": 1.7534778118133545,
      "learning_rate": 4.125953411667697e-05,
      "loss": 1.0798,
      "step": 5700
    },
    {
      "epoch": 1.7935673418895934,
      "grad_norm": 1.3854197263717651,
      "learning_rate": 4.022881880024737e-05,
      "loss": 1.0827,
      "step": 5800
    },
    {
      "epoch": 1.82449358280501,
      "grad_norm": 1.7910786867141724,
      "learning_rate": 3.9198103483817774e-05,
      "loss": 1.0769,
      "step": 5900
    },
    {
      "epoch": 1.855419823720427,
      "grad_norm": 1.0595651865005493,
      "learning_rate": 3.816738816738817e-05,
      "loss": 1.0608,
      "step": 6000
    },
    {
      "epoch": 1.8863460646358434,
      "grad_norm": 0.8037234544754028,
      "learning_rate": 3.713667285095856e-05,
      "loss": 1.078,
      "step": 6100
    },
    {
      "epoch": 1.9172723055512604,
      "grad_norm": 1.25742769241333,
      "learning_rate": 3.610595753452897e-05,
      "loss": 1.0717,
      "step": 6200
    },
    {
      "epoch": 1.948198546466677,
      "grad_norm": 0.7343829274177551,
      "learning_rate": 3.5075242218099363e-05,
      "loss": 1.0915,
      "step": 6300
    },
    {
      "epoch": 1.9791247873820939,
      "grad_norm": 1.6135799884796143,
      "learning_rate": 3.404452690166976e-05,
      "loss": 1.078,
      "step": 6400
    },
    {
      "epoch": 2.0,
      "eval_accuracy": 0.3883089770354906,
      "eval_f1_weighted": 0.29959123114158953,
      "eval_loss": 1.0767402648925781,
      "eval_runtime": 74.4992,
      "eval_samples_per_second": 77.155,
      "eval_steps_per_second": 9.651,
      "step": 6468
    },
    {
      "epoch": 2.0098963970929336,
      "grad_norm": 0.9862818717956543,
      "learning_rate": 3.301381158524016e-05,
      "loss": 1.0728,
      "step": 6500
    },
    {
      "epoch": 2.04082263800835,
      "grad_norm": 1.326938271522522,
      "learning_rate": 3.198309626881056e-05,
      "loss": 1.0717,
      "step": 6600
    },
    {
      "epoch": 2.071748878923767,
      "grad_norm": 1.166517734527588,
      "learning_rate": 3.095238095238095e-05,
      "loss": 1.0686,
      "step": 6700
    },
    {
      "epoch": 2.1026751198391835,
      "grad_norm": 1.5772994756698608,
      "learning_rate": 2.992166563595135e-05,
      "loss": 1.0784,
      "step": 6800
    },
    {
      "epoch": 2.1336013607546,
      "grad_norm": 0.7555305361747742,
      "learning_rate": 2.8890950319521748e-05,
      "loss": 1.0683,
      "step": 6900
    },
    {
      "epoch": 2.164527601670017,
      "grad_norm": 1.0172269344329834,
      "learning_rate": 2.786023500309215e-05,
      "loss": 1.0713,
      "step": 7000
    },
    {
      "epoch": 2.195453842585434,
      "grad_norm": 1.8866974115371704,
      "learning_rate": 2.6829519686662546e-05,
      "loss": 1.0683,
      "step": 7100
    },
    {
      "epoch": 2.2263800835008505,
      "grad_norm": 1.0407326221466064,
      "learning_rate": 2.5798804370232943e-05,
      "loss": 1.0767,
      "step": 7200
    },
    {
      "epoch": 2.257306324416267,
      "grad_norm": 1.6466994285583496,
      "learning_rate": 2.476808905380334e-05,
      "loss": 1.0731,
      "step": 7300
    },
    {
      "epoch": 2.288232565331684,
      "grad_norm": 2.3757495880126953,
      "learning_rate": 2.3737373737373738e-05,
      "loss": 1.0811,
      "step": 7400
    },
    {
      "epoch": 2.319158806247101,
      "grad_norm": 0.9726102352142334,
      "learning_rate": 2.2706658420944135e-05,
      "loss": 1.0744,
      "step": 7500
    },
    {
      "epoch": 2.3500850471625174,
      "grad_norm": 1.4353169202804565,
      "learning_rate": 2.1675943104514536e-05,
      "loss": 1.0684,
      "step": 7600
    },
    {
      "epoch": 2.381011288077934,
      "grad_norm": 1.2095460891723633,
      "learning_rate": 2.064522778808493e-05,
      "loss": 1.073,
      "step": 7700
    },
    {
      "epoch": 2.411937528993351,
      "grad_norm": 1.9013291597366333,
      "learning_rate": 1.961451247165533e-05,
      "loss": 1.0728,
      "step": 7800
    },
    {
      "epoch": 2.4428637699087674,
      "grad_norm": 1.109652042388916,
      "learning_rate": 1.8583797155225728e-05,
      "loss": 1.0715,
      "step": 7900
    },
    {
      "epoch": 2.4737900108241844,
      "grad_norm": 1.6501718759536743,
      "learning_rate": 1.7553081838796126e-05,
      "loss": 1.0736,
      "step": 8000
    },
    {
      "epoch": 2.504716251739601,
      "grad_norm": 1.0635290145874023,
      "learning_rate": 1.6522366522366523e-05,
      "loss": 1.0771,
      "step": 8100
    },
    {
      "epoch": 2.535642492655018,
      "grad_norm": 1.5109294652938843,
      "learning_rate": 1.549165120593692e-05,
      "loss": 1.0862,
      "step": 8200
    },
    {
      "epoch": 2.5665687335704344,
      "grad_norm": 1.2843774557113647,
      "learning_rate": 1.4460935889507318e-05,
      "loss": 1.0654,
      "step": 8300
    },
    {
      "epoch": 2.5974949744858513,
      "grad_norm": 1.1569355726242065,
      "learning_rate": 1.3430220573077717e-05,
      "loss": 1.0773,
      "step": 8400
    },
    {
      "epoch": 2.628421215401268,
      "grad_norm": 1.0505411624908447,
      "learning_rate": 1.2399505256648114e-05,
      "loss": 1.0791,
      "step": 8500
    },
    {
      "epoch": 2.659347456316685,
      "grad_norm": 1.0538921356201172,
      "learning_rate": 1.1368789940218511e-05,
      "loss": 1.0757,
      "step": 8600
    },
    {
      "epoch": 2.6902736972321013,
      "grad_norm": 0.8043017983436584,
      "learning_rate": 1.033807462378891e-05,
      "loss": 1.0744,
      "step": 8700
    },
    {
      "epoch": 2.7211999381475183,
      "grad_norm": 1.3829686641693115,
      "learning_rate": 9.307359307359308e-06,
      "loss": 1.0659,
      "step": 8800
    },
    {
      "epoch": 2.7521261790629348,
      "grad_norm": 1.409512996673584,
      "learning_rate": 8.276643990929705e-06,
      "loss": 1.0809,
      "step": 8900
    },
    {
      "epoch": 2.7830524199783517,
      "grad_norm": 1.2353571653366089,
      "learning_rate": 7.2459286745001035e-06,
      "loss": 1.0741,
      "step": 9000
    },
    {
      "epoch": 2.8139786608937682,
      "grad_norm": 1.109079122543335,
      "learning_rate": 6.215213358070502e-06,
      "loss": 1.0803,
      "step": 9100
    },
    {
      "epoch": 2.844904901809185,
      "grad_norm": 1.5034881830215454,
      "learning_rate": 5.184498041640899e-06,
      "loss": 1.0733,
      "step": 9200
    },
    {
      "epoch": 2.8758311427246017,
      "grad_norm": 1.7637723684310913,
      "learning_rate": 4.153782725211297e-06,
      "loss": 1.0777,
      "step": 9300
    },
    {
      "epoch": 2.9067573836400187,
      "grad_norm": 1.1214793920516968,
      "learning_rate": 3.1230674087816947e-06,
      "loss": 1.0721,
      "step": 9400
    },
    {
      "epoch": 2.937683624555435,
      "grad_norm": 0.761379599571228,
      "learning_rate": 2.0923520923520925e-06,
      "loss": 1.0639,
      "step": 9500
    },
    {
      "epoch": 2.968609865470852,
      "grad_norm": 1.4278260469436646,
      "learning_rate": 1.0616367759224903e-06,
      "loss": 1.0702,
      "step": 9600
    },
    {
      "epoch": 2.9995361063862687,
      "grad_norm": 1.4900044202804565,
      "learning_rate": 3.092145949288807e-08,
      "loss": 1.0749,
      "step": 9700
    },
    {
      "epoch": 3.0,
      "eval_accuracy": 0.38778705636743216,
      "eval_f1_weighted": 0.37808559486087734,
      "eval_loss": 1.0748655796051025,
      "eval_runtime": 74.905,
      "eval_samples_per_second": 76.737,
      "eval_steps_per_second": 9.599,
      "step": 9702
    }
  ],
  "logging_steps": 100,
  "max_steps": 9702,
  "num_input_tokens_seen": 0,
  "num_train_epochs": 3,
  "save_steps": 500,
  "stateful_callbacks": {
    "TrainerControl": {
      "args": {
        "should_epoch_stop": false,
        "should_evaluate": false,
        "should_log": false,
        "should_save": true,
        "should_training_stop": true
      },
      "attributes": {}
    }
  },
  "total_flos": 4.096894309277749e+16,
  "train_batch_size": 8,
  "trial_name": null,
  "trial_params": null
}
