{
  "best_global_step": 3234,
  "best_metric": 1.0798654556274414,
  "best_model_checkpoint": "./deberta_lora_weights\\checkpoint-3234",
  "epoch": 1.0,
  "eval_steps": 500,
  "global_step": 3234,
  "is_hyper_param_search": false,
  "is_local_process_zero": true,
  "is_world_process_zero": true,
  "log_history": [
    {
      "epoch": 0.030926240915416733,
      "grad_norm": 1.9471380710601807,
      "learning_rate": 9.897959183673469e-05,
      "loss": 1.1005,
      "step": 100
    },
    {
      "epoch": 0.061852481830833465,
      "grad_norm": 0.7340129017829895,
      "learning_rate": 9.79488765203051e-05,
      "loss": 1.0984,
      "step": 200
    },
    {
      "epoch": 0.0927787227462502,
      "grad_norm": 0.8619855642318726,
      "learning_rate": 9.69181612038755e-05,
      "loss": 1.096,
      "step": 300
    },
    {
      "epoch": 0.12370496366166693,
      "grad_norm": 1.1974972486495972,
      "learning_rate": 9.588744588744589e-05,
      "loss": 1.0977,
      "step": 400
    },
    {
      "epoch": 0.15463120457708365,
      "grad_norm": 1.2348493337631226,
      "learning_rate": 9.48567305710163e-05,
      "loss": 1.092,
      "step": 500
    },
    {
      "epoch": 0.1855574454925004,
      "grad_norm": 0.7807438373565674,
      "learning_rate": 9.382601525458669e-05,
      "loss": 1.0885,
      "step": 600
    },
    {
      "epoch": 0.21648368640791713,
      "grad_norm": 0.6939148902893066,
      "learning_rate": 9.279529993815708e-05,
      "loss": 1.0925,
      "step": 700
    },
    {
      "epoch": 0.24740992732333386,
      "grad_norm": 1.3185957670211792,
      "learning_rate": 9.176458462172748e-05,
      "loss": 1.0872,
      "step": 800
    },
    {
      "epoch": 0.27833616823875057,
      "grad_norm": 1.5934159755706787,
      "learning_rate": 9.073386930529788e-05,
      "loss": 1.0926,
      "step": 900
    },
    {
      "epoch": 0.3092624091541673,
      "grad_norm": 1.0271964073181152,
      "learning_rate": 8.970315398886828e-05,
      "loss": 1.0825,
      "step": 1000
    },
    {
      "epoch": 0.34018865006958404,
      "grad_norm": 1.3496270179748535,
      "learning_rate": 8.867243867243867e-05,
      "loss": 1.088,
      "step": 1100
    },
    {
      "epoch": 0.3711148909850008,
      "grad_norm": 1.058031678199768,
      "learning_rate": 8.764172335600908e-05,
      "loss": 1.0843,
      "step": 1200
    },
    {
      "epoch": 0.4020411319004175,
      "grad_norm": 1.4503945112228394,
      "learning_rate": 8.661100803957947e-05,
      "loss": 1.0935,
      "step": 1300
    },
    {
      "epoch": 0.43296737281583425,
      "grad_norm": 1.3957858085632324,
      "learning_rate": 8.558029272314987e-05,
      "loss": 1.0884,
      "step": 1400
    },
    {
      "epoch": 0.463893613731251,
      "grad_norm": 1.1811885833740234,
      "learning_rate": 8.454957740672028e-05,
      "loss": 1.0868,
      "step": 1500
    },
    {
      "epoch": 0.4948198546466677,
      "grad_norm": 1.0127228498458862,
      "learning_rate": 8.351886209029066e-05,
      "loss": 1.0836,
      "step": 1600
    },
    {
      "epoch": 0.5257460955620844,
      "grad_norm": 0.638336718082428,
      "learning_rate": 8.248814677386106e-05,
      "loss": 1.0866,
      "step": 1700
    },
    {
      "epoch": 0.5566723364775011,
      "grad_norm": 0.8637757897377014,
      "learning_rate": 8.145743145743147e-05,
      "loss": 1.0928,
      "step": 1800
    },
    {
      "epoch": 0.5875985773929179,
      "grad_norm": 0.9803465008735657,
      "learning_rate": 8.042671614100185e-05,
      "loss": 1.0805,
      "step": 1900
    },
    {
      "epoch": 0.6185248183083346,
      "grad_norm": 1.1022670269012451,
      "learning_rate": 7.939600082457226e-05,
      "loss": 1.0875,
      "step": 2000
    },
    {
      "epoch": 0.6494510592237513,
      "grad_norm": 1.1915231943130493,
      "learning_rate": 7.836528550814265e-05,
      "loss": 1.0816,
      "step": 2100
    },
    {
      "epoch": 0.6803773001391681,
      "grad_norm": 1.3220739364624023,
      "learning_rate": 7.733457019171305e-05,
      "loss": 1.0749,
      "step": 2200
    },
    {
      "epoch": 0.7113035410545848,
      "grad_norm": 2.930198907852173,
      "learning_rate": 7.630385487528345e-05,
      "loss": 1.0796,
      "step": 2300
    },
    {
      "epoch": 0.7422297819700016,
      "grad_norm": 0.7420658469200134,
      "learning_rate": 7.527313955885385e-05,
      "loss": 1.0816,
      "step": 2400
    },
    {
      "epoch": 0.7731560228854183,
      "grad_norm": 1.2841719388961792,
      "learning_rate": 7.424242424242424e-05,
      "loss": 1.0964,
      "step": 2500
    },
    {
      "epoch": 0.804082263800835,
      "grad_norm": 0.7430004477500916,
      "learning_rate": 7.321170892599465e-05,
      "loss": 1.0831,
      "step": 2600
    },
    {
      "epoch": 0.8350085047162518,
      "grad_norm": 1.7664930820465088,
      "learning_rate": 7.218099360956504e-05,
      "loss": 1.0851,
      "step": 2700
    },
    {
      "epoch": 0.8659347456316685,
      "grad_norm": 1.9504646062850952,
      "learning_rate": 7.115027829313544e-05,
      "loss": 1.0828,
      "step": 2800
    },
    {
      "epoch": 0.8968609865470852,
      "grad_norm": 1.690724492073059,
      "learning_rate": 7.011956297670583e-05,
      "loss": 1.0831,
      "step": 2900
    },
    {
      "epoch": 0.927787227462502,
      "grad_norm": 1.2934414148330688,
      "learning_rate": 6.908884766027624e-05,
      "loss": 1.0839,
      "step": 3000
    },
    {
      "epoch": 0.9587134683779187,
      "grad_norm": 1.5632721185684204,
      "learning_rate": 6.805813234384663e-05,
      "loss": 1.0933,
      "step": 3100
    },
    {
      "epoch": 0.9896397092933354,
      "grad_norm": 1.4386261701583862,
      "learning_rate": 6.702741702741703e-05,
      "loss": 1.0883,
      "step": 3200
    },
    {
      "epoch": 1.0,
      "eval_accuracy": 0.3881350034794711,
      "eval_f1_weighted": 0.2937181330463741,
      "eval_loss": 1.0798654556274414,
      "eval_runtime": 74.7989,
      "eval_samples_per_second": 76.846,
      "eval_steps_per_second": 9.612,
      "step": 3234
    }
  ],
  "logging_steps": 100,
  "max_steps": 9702,
  "num_input_tokens_seen": 0,
  "num_train_epochs": 3,
  "save_steps": 500,
  "stateful_callbacks": {
    "TrainerControl": {
      "args": {
        "should_epoch_stop": false,
        "should_evaluate": false,
        "should_log": false,
        "should_save": true,
        "should_training_stop": false
      },
      "attributes": {}
    }
  },
  "total_flos": 1.3656914450779392e+16,
  "train_batch_size": 8,
  "trial_name": null,
  "trial_params": null
}
